{"clearances":[{"clearanceValues":{"_data_":[5.0,5.0,5.0,5.0,5.0,5.0,5.0,5.0,5.0,12.0,5.0,120.0,15.0,15.0,5.0],"_dataorder_":"rowMajor","_dimensions_":[15],"_wellknowntype_":"double"},"enabled":{"_data_":true,"_wellknowntype_":"bool"},"layers":{"_data_":["Top_Cu","Bot_Cu"],"_dataorder_":"rowMajor","_dimensions_":[2],"_wellknowntype_":"string"},"name":{"_data_":"Min_Clearance","_wellknowntype_":"string"},"scope_1":{"type":{"_data_":0,"_wellknowntype_":"int32"}},"scope_2":{"type":{"_data_":0,"_wellknowntype_":"int32"}}}],"version":{"_data_":"3.0","_wellknowntype_":"string"},"vias":[{"constrained":{"_data_":true,"_wellknowntype_":"bool"},"enabled":{"_data_":true,"_wellknowntype_":"bool"},"name":{"_data_":"Min_Clearance","_wellknowntype_":"string"},"priority":{"_data_":0,"_wellknowntype_":"unsignedInt32"},"scope":{"type":{"_data_":0,"_wellknowntype_":"int32"}},"stackable":{"_data_":false,"_wellknowntype_":"bool"},"startLayer":{"_data_":"Top_Cu","_wellknowntype_":"string"},"stopLayer":{"_data_":"Bot_Cu","_wellknowntype_":"string"},"templateName":{"_data_":"DesignKit_EE414_tech:Default_Via","_wellknowntype_":"string"}}]}