{"cells":[{"name":{"_data_":"0603_Resistor_Model_Extraction","_wellknowntype_":"string"},"views":[]},{"name":{"_data_":"LPF_Tut","_wellknowntype_":"string"},"views":[{"name":{"_data_":"schematic","_wellknowntype_":"string"},"references":{"cells":[],"externalFiles":[],"libraries":[],"libraryFiles":[],"pcbVias":[],"views":[{"_data_":"DesignKit_EE414:EE414_INCLUDE:symbol","_wellknowntype_":"string"},{"_data_":"DesignKit_EE414:EE414_MSUB:symbol","_wellknowntype_":"string"},{"_data_":"DesignKit_EE414:capDC_0603:symbol","_wellknowntype_":"string"},{"_data_":"DesignKit_EE414:resDC_0603:symbol","_wellknowntype_":"string"},{"_data_":"DesignKit_EE414:tlc2201_10v:symbol","_wellknowntype_":"string"},{"_data_":"ads_rflib:GROUND:symbol","_wellknowntype_":"string"},{"_data_":"ads_simulation:AC:symbol","_wellknowntype_":"string"},{"_data_":"ads_simulation:DC:symbol","_wellknowntype_":"string"},{"_data_":"ads_sources:V_AC:symbol","_wellknowntype_":"string"},{"_data_":"ads_sources:V_DC:symbol","_wellknowntype_":"string"}]},"timestamp":[{"file":{"_data_":".","_wellknowntype_":"string"},"time":{"_data_":1757089029862,"_wellknowntype_":"int64"}},{"file":{"_data_":"master.tag","_wellknowntype_":"string"},"time":{"_data_":1756484637002,"_wellknowntype_":"int64"}},{"file":{"_data_":"sch.oa","_wellknowntype_":"string"},"time":{"_data_":1756491353059,"_wellknowntype_":"int64"}}]}]},{"name":{"_data_":"LPF_Tut_Layout","_wellknowntype_":"string"},"views":[{"name":{"_data_":"layout","_wellknowntype_":"string"},"references":{"cells":[],"externalFiles":[],"libraries":[{"_data_":"DesignKit_EE414_tech","_wellknowntype_":"string"}],"libraryFiles":[],"pcbVias":[{"_data_":"DesignKit_EE414_tech:Min_Clearance","_wellknowntype_":"string"}],"views":[{"_data_":"DesignKit_EE414:SMA_EdgeLaunch_62mil:layout","_wellknowntype_":"string"},{"_data_":"DesignKit_EE414:SOIC127P_600X175_8:layout","_wellknowntype_":"string"},{"_data_":"DesignKit_EE414:ScrewTerm_2:layout","_wellknowntype_":"string"},{"_data_":"DesignKit_EE414:capDC_0603:layout","_wellknowntype_":"string"},{"_data_":"DesignKit_EE414:resDC_0603:layout","_wellknowntype_":"string"},{"_data_":"DesignKit_EE414:tlc2201_10v:layout","_wellknowntype_":"string"},{"_data_":"ads_builtin:via:layout","_wellknowntype_":"string"},{"_data_":"ads_rflib:GROUND:layout","_wellknowntype_":"string"}]},"timestamp":[{"file":{"_data_":".","_wellknowntype_":"string"},"time":{"_data_":1756491351205,"_wellknowntype_":"int64"}},{"file":{"_data_":"layout.oa","_wellknowntype_":"string"},"time":{"_data_":1756491349724,"_wellknowntype_":"int64"}},{"file":{"_data_":"master.tag","_wellknowntype_":"string"},"time":{"_data_":1756488650076,"_wellknowntype_":"int64"}}]},{"name":{"_data_":"schematic","_wellknowntype_":"string"},"references":{"cells":[],"externalFiles":[],"libraries":[],"libraryFiles":[],"pcbVias":[],"views":[{"_data_":"DesignKit_EE414:SMA_EdgeLaunch_62mil:symbol_L","_wellknowntype_":"string"},{"_data_":"DesignKit_EE414:SMA_EdgeLaunch_62mil:symbol_R","_wellknowntype_":"string"},{"_data_":"DesignKit_EE414:ScrewTerm_2:symbol","_wellknowntype_":"string"},{"_data_":"DesignKit_EE414:capDC_0603:symbol","_wellknowntype_":"string"},{"_data_":"DesignKit_EE414:resDC_0603:symbol","_wellknowntype_":"string"},{"_data_":"DesignKit_EE414:tlc2201_10v:symbol","_wellknowntype_":"string"},{"_data_":"ads_rflib:GROUND:symbol","_wellknowntype_":"string"}]},"timestamp":[{"file":{"_data_":".","_wellknowntype_":"string"},"time":{"_data_":1757088914206,"_wellknowntype_":"int64"}},{"file":{"_data_":"master.tag","_wellknowntype_":"string"},"time":{"_data_":1756487978653,"_wellknowntype_":"int64"}},{"file":{"_data_":"sch.oa","_wellknowntype_":"string"},"time":{"_data_":1756491357798,"_wellknowntype_":"int64"}},{"file":{"_data_":"sch.oa.cdslck","_wellknowntype_":"string"},"time":{"_data_":1757088914207,"_wellknowntype_":"int64"}}]}]}],"name":{"_data_":"EE514_lib","_wellknowntype_":"string"},"version":{"_data_":1.0,"_wellknowntype_":"double"}}