{"cells":[{"name":{"_data_":"Amplifier_Design","_wellknowntype_":"string"},"views":[{"name":{"_data_":"layout","_wellknowntype_":"string"},"references":{"cells":[],"externalFiles":[],"libraries":[],"libraryFiles":[],"pcbVias":[],"views":[]},"timestamp":[{"file":{"_data_":".","_wellknowntype_":"string"},"time":{"_data_":1758560045008,"_wellknowntype_":"int64"}},{"file":{"_data_":"layout.oa","_wellknowntype_":"string"},"time":{"_data_":1758297863191,"_wellknowntype_":"int64"}},{"file":{"_data_":"master.tag","_wellknowntype_":"string"},"time":{"_data_":1758297863088,"_wellknowntype_":"int64"}}]},{"name":{"_data_":"schematic","_wellknowntype_":"string"},"references":{"cells":[],"externalFiles":[],"libraries":[],"libraryFiles":[],"pcbVias":[],"views":[{"_data_":"DesignKit_EE414:BFP620_SP:symbol","_wellknowntype_":"string"},{"_data_":"DesignKit_EE414:EE414_INCLUDE:symbol","_wellknowntype_":"string"},{"_data_":"DesignKit_EE414:EE414_MSUB:symbol","_wellknowntype_":"string"},{"_data_":"DesignKit_EE414:pad_2:symbol","_wellknowntype_":"string"},{"_data_":"DesignKit_EE414:pad_gnd:symbol","_wellknowntype_":"string"},{"_data_":"ads_rflib:C:symbol","_wellknowntype_":"string"},{"_data_":"ads_rflib:GROUND:symbol","_wellknowntype_":"string"},{"_data_":"ads_rflib:L:symbol","_wellknowntype_":"string"},{"_data_":"ads_simulation:L_StabCircle:symbol","_wellknowntype_":"string"},{"_data_":"ads_simulation:Mu:symbol","_wellknowntype_":"string"},{"_data_":"ads_simulation:S_Param:symbol","_wellknowntype_":"string"},{"_data_":"ads_simulation:S_StabCircle:symbol","_wellknowntype_":"string"},{"_data_":"ads_simulation:SmGamma1:symbol","_wellknowntype_":"string"},{"_data_":"ads_simulation:SmGamma2:symbol","_wellknowntype_":"string"},{"_data_":"ads_simulation:SmZ1:symbol","_wellknowntype_":"string"},{"_data_":"ads_simulation:SmZ2:symbol","_wellknowntype_":"string"},{"_data_":"ads_simulation:StabFact:symbol","_wellknowntype_":"string"},{"_data_":"ads_simulation:Term:symbol","_wellknowntype_":"string"}]},"timestamp":[{"file":{"_data_":".","_wellknowntype_":"string"},"time":{"_data_":1758664694316,"_wellknowntype_":"int64"}},{"file":{"_data_":"master.tag","_wellknowntype_":"string"},"time":{"_data_":1758297803681,"_wellknowntype_":"int64"}},{"file":{"_data_":"sch.oa","_wellknowntype_":"string"},"time":{"_data_":1758664694315,"_wellknowntype_":"int64"}},{"file":{"_data_":"sch.oa.cdslck","_wellknowntype_":"string"},"time":{"_data_":1758663843358,"_wellknowntype_":"int64"}}]}]},{"name":{"_data_":"LFP_Tut_Layout","_wellknowntype_":"string"},"views":[{"name":{"_data_":"layout","_wellknowntype_":"string"},"references":{"cells":[],"externalFiles":[],"libraries":[{"_data_":"DesignKit_EE414_tech","_wellknowntype_":"string"}],"libraryFiles":[],"pcbVias":[{"_data_":"DesignKit_EE414_tech:Min_Clearance","_wellknowntype_":"string"}],"views":[{"_data_":"DesignKit_EE414:SMA_EdgeLaunch_62mil:layout","_wellknowntype_":"string"},{"_data_":"DesignKit_EE414:SOIC127P_600X175_8:layout","_wellknowntype_":"string"},{"_data_":"DesignKit_EE414:ScrewTerm_2:layout","_wellknowntype_":"string"},{"_data_":"DesignKit_EE414:capDC_0603:layout","_wellknowntype_":"string"},{"_data_":"DesignKit_EE414:resDC_0603:layout","_wellknowntype_":"string"},{"_data_":"DesignKit_EE414:tlc2201_5v:layout","_wellknowntype_":"string"},{"_data_":"ads_builtin:via:layout","_wellknowntype_":"string"}]},"timestamp":[{"file":{"_data_":".","_wellknowntype_":"string"},"time":{"_data_":1758560047151,"_wellknowntype_":"int64"}},{"file":{"_data_":"layout.oa","_wellknowntype_":"string"},"time":{"_data_":1756490331800,"_wellknowntype_":"int64"}},{"file":{"_data_":"master.tag","_wellknowntype_":"string"},"time":{"_data_":1756488190397,"_wellknowntype_":"int64"}}]},{"name":{"_data_":"schematic","_wellknowntype_":"string"},"references":{"cells":[],"externalFiles":[],"libraries":[],"libraryFiles":[],"pcbVias":[],"views":[{"_data_":"DesignKit_EE414:SMA_EdgeLaunch_62mil:symbol_L","_wellknowntype_":"string"},{"_data_":"DesignKit_EE414:SMA_EdgeLaunch_62mil:symbol_R","_wellknowntype_":"string"},{"_data_":"DesignKit_EE414:ScrewTerm_2:symbol","_wellknowntype_":"string"},{"_data_":"DesignKit_EE414:capDC_0603:symbol","_wellknowntype_":"string"},{"_data_":"DesignKit_EE414:resDC_0603:symbol","_wellknowntype_":"string"},{"_data_":"DesignKit_EE414:tlc2201_5v:symbol","_wellknowntype_":"string"},{"_data_":"ads_rflib:GROUND:symbol","_wellknowntype_":"string"}]},"timestamp":[{"file":{"_data_":".","_wellknowntype_":"string"},"time":{"_data_":1758560047398,"_wellknowntype_":"int64"}},{"file":{"_data_":"master.tag","_wellknowntype_":"string"},"time":{"_data_":1756487674788,"_wellknowntype_":"int64"}},{"file":{"_data_":"sch.oa","_wellknowntype_":"string"},"time":{"_data_":1756487986182,"_wellknowntype_":"int64"}}]}]},{"name":{"_data_":"LPF_Tut","_wellknowntype_":"string"},"views":[{"name":{"_data_":"layout","_wellknowntype_":"string"},"references":{"cells":[],"externalFiles":[],"libraries":[],"libraryFiles":[],"pcbVias":[],"views":[]},"timestamp":[{"file":{"_data_":".","_wellknowntype_":"string"},"time":{"_data_":1758560045599,"_wellknowntype_":"int64"}},{"file":{"_data_":"layout.oa","_wellknowntype_":"string"},"time":{"_data_":1756487624730,"_wellknowntype_":"int64"}},{"file":{"_data_":"master.tag","_wellknowntype_":"string"},"time":{"_data_":1756487624673,"_wellknowntype_":"int64"}}]},{"name":{"_data_":"schematic","_wellknowntype_":"string"},"references":{"cells":[],"externalFiles":[],"libraries":[],"libraryFiles":[],"pcbVias":[],"views":[{"_data_":"DesignKit_EE414:EE414_INCLUDE:symbol","_wellknowntype_":"string"},{"_data_":"DesignKit_EE414:EE414_MSUB:symbol","_wellknowntype_":"string"},{"_data_":"DesignKit_EE414:capDC_0603:symbol","_wellknowntype_":"string"},{"_data_":"DesignKit_EE414:resDC_0603:symbol","_wellknowntype_":"string"},{"_data_":"DesignKit_EE414:tlc2201_5v:symbol","_wellknowntype_":"string"},{"_data_":"ads_rflib:GROUND:symbol","_wellknowntype_":"string"},{"_data_":"ads_simulation:AC:symbol","_wellknowntype_":"string"},{"_data_":"ads_simulation:DC:symbol","_wellknowntype_":"string"},{"_data_":"ads_sources:V_AC:symbol","_wellknowntype_":"string"},{"_data_":"ads_sources:V_DC:symbol","_wellknowntype_":"string"}]},"timestamp":[{"file":{"_data_":".","_wellknowntype_":"string"},"time":{"_data_":1758560045840,"_wellknowntype_":"int64"}},{"file":{"_data_":"master.tag","_wellknowntype_":"string"},"time":{"_data_":1756484674579,"_wellknowntype_":"int64"}},{"file":{"_data_":"sch.oa","_wellknowntype_":"string"},"time":{"_data_":1756487592144,"_wellknowntype_":"int64"}}]}]},{"name":{"_data_":"Lab2","_wellknowntype_":"string"},"views":[{"name":{"_data_":"schematic","_wellknowntype_":"string"},"references":{"cells":[],"externalFiles":[{"_data_":"C:\\Users\\fdreshaj\\Downloads\\EE5140_SParams_DUTOnly\\EE5140_DUTOnly\\s_DUT_10_0603.s2p","_wellknowntype_":"string"},{"_data_":"C:\\Users\\fdreshaj\\Downloads\\EE5140_SParams_DUTOnly\\EE5140_DUTOnly\\s_DUT_51_0603.s2p","_wellknowntype_":"string"},{"_data_":"C:\\Users\\fdreshaj\\Downloads\\EE5140_SParams_DUTOnly\\EE5140_DUTOnly\\s_DUT_820_0603.s2p","_wellknowntype_":"string"}],"libraries":[],"libraryFiles":[],"pcbVias":[],"views":[{"_data_":"ads_datacmps:SnP:symbol","_wellknowntype_":"string"},{"_data_":"ads_rflib:GROUND:symbol","_wellknowntype_":"string"},{"_data_":"ads_simulation:MeasEqn:symbol","_wellknowntype_":"string"},{"_data_":"ads_simulation:S_Param:symbol","_wellknowntype_":"string"},{"_data_":"ads_simulation:Term:symbol","_wellknowntype_":"string"}]},"timestamp":[{"file":{"_data_":".","_wellknowntype_":"string"},"time":{"_data_":1758560046826,"_wellknowntype_":"int64"}},{"file":{"_data_":"master.tag","_wellknowntype_":"string"},"time":{"_data_":1757088489518,"_wellknowntype_":"int64"}},{"file":{"_data_":"sch.oa","_wellknowntype_":"string"},"time":{"_data_":1757094932257,"_wellknowntype_":"int64"}}]}]},{"name":{"_data_":"amp_design_2","_wellknowntype_":"string"},"views":[{"name":{"_data_":"schematic","_wellknowntype_":"string"},"references":{"cells":[],"externalFiles":[],"libraries":[],"libraryFiles":[],"pcbVias":[],"views":[{"_data_":"DesignKit_EE414:BFP620_SP:symbol","_wellknowntype_":"string"},{"_data_":"DesignKit_EE414:EE414_INCLUDE:symbol","_wellknowntype_":"string"},{"_data_":"DesignKit_EE414:EE414_MSUB:symbol","_wellknowntype_":"string"},{"_data_":"DesignKit_EE414:pad_gnd:symbol","_wellknowntype_":"string"},{"_data_":"ads_rflib:GROUND:symbol","_wellknowntype_":"string"},{"_data_":"ads_simulation:Mu:symbol","_wellknowntype_":"string"},{"_data_":"ads_simulation:S_Param:symbol","_wellknowntype_":"string"},{"_data_":"ads_simulation:Term:symbol","_wellknowntype_":"string"}]},"timestamp":[{"file":{"_data_":".","_wellknowntype_":"string"},"time":{"_data_":1758560048391,"_wellknowntype_":"int64"}},{"file":{"_data_":"master.tag","_wellknowntype_":"string"},"time":{"_data_":1758338315919,"_wellknowntype_":"int64"}},{"file":{"_data_":"sch.oa","_wellknowntype_":"string"},"time":{"_data_":1758341519039,"_wellknowntype_":"int64"}}]}]},{"name":{"_data_":"cap_opt_2","_wellknowntype_":"string"},"views":[{"name":{"_data_":"schematic","_wellknowntype_":"string"},"references":{"cells":[],"externalFiles":[{"_data_":"C:\\Users\\fdreshaj\\Downloads\\EE5140_SParams_DUTOnly\\EE5140_DUTOnly\\s_DUT_1.5_0603.s2p","_wellknowntype_":"string"},{"_data_":"C:\\Users\\fdreshaj\\Downloads\\EE5140_SParams_DUTOnly\\EE5140_DUTOnly\\s_DUT_2.7_0603.s2p","_wellknowntype_":"string"},{"_data_":"C:\\Users\\fdreshaj\\Downloads\\EE5140_SParams_DUTOnly\\EE5140_DUTOnly\\s_DUT_5.6_0603.s2p","_wellknowntype_":"string"}],"libraries":[],"libraryFiles":[],"pcbVias":[],"views":[{"_data_":"ads_datacmps:SnP:symbol","_wellknowntype_":"string"},{"_data_":"ads_datacmps:VAR:symbol","_wellknowntype_":"string"},{"_data_":"ads_rflib:C:symbol","_wellknowntype_":"string"},{"_data_":"ads_rflib:GROUND:symbol","_wellknowntype_":"string"},{"_data_":"ads_rflib:L:symbol","_wellknowntype_":"string"},{"_data_":"ads_rflib:R:symbol","_wellknowntype_":"string"},{"_data_":"ads_simulation:Goal:symbol","_wellknowntype_":"string"},{"_data_":"ads_simulation:Optim:symbol","_wellknowntype_":"string"},{"_data_":"ads_simulation:S_Param:symbol","_wellknowntype_":"string"},{"_data_":"ads_simulation:Term:symbol","_wellknowntype_":"string"},{"_data_":"ads_simulation:TermG:symbol","_wellknowntype_":"string"}]},"timestamp":[{"file":{"_data_":".","_wellknowntype_":"string"},"time":{"_data_":1758560046172,"_wellknowntype_":"int64"}},{"file":{"_data_":"master.tag","_wellknowntype_":"string"},"time":{"_data_":1758246899513,"_wellknowntype_":"int64"}},{"file":{"_data_":"sch.oa","_wellknowntype_":"string"},"time":{"_data_":1758256113727,"_wellknowntype_":"int64"}}]}]},{"name":{"_data_":"cap_opt_3","_wellknowntype_":"string"},"views":[{"name":{"_data_":"schematic","_wellknowntype_":"string"},"references":{"cells":[],"externalFiles":[{"_data_":"C:\\Users\\fdreshaj\\Downloads\\EE5140_SParams_DUTOnly\\EE5140_DUTOnly\\s_DUT_1.5_0603.s2p","_wellknowntype_":"string"},{"_data_":"C:\\Users\\fdreshaj\\Downloads\\EE5140_SParams_DUTOnly\\EE5140_DUTOnly\\s_DUT_2.7_0603.s2p","_wellknowntype_":"string"},{"_data_":"C:\\Users\\fdreshaj\\Downloads\\EE5140_SParams_DUTOnly\\EE5140_DUTOnly\\s_DUT_5.6_0603.s2p","_wellknowntype_":"string"}],"libraries":[],"libraryFiles":[],"pcbVias":[],"views":[{"_data_":"ads_datacmps:SnP:symbol","_wellknowntype_":"string"},{"_data_":"ads_datacmps:VAR:symbol","_wellknowntype_":"string"},{"_data_":"ads_rflib:C:symbol","_wellknowntype_":"string"},{"_data_":"ads_rflib:GROUND:symbol","_wellknowntype_":"string"},{"_data_":"ads_rflib:L:symbol","_wellknowntype_":"string"},{"_data_":"ads_rflib:R:symbol","_wellknowntype_":"string"},{"_data_":"ads_simulation:Goal:symbol","_wellknowntype_":"string"},{"_data_":"ads_simulation:Optim:symbol","_wellknowntype_":"string"},{"_data_":"ads_simulation:S_Param:symbol","_wellknowntype_":"string"},{"_data_":"ads_simulation:TermG:symbol","_wellknowntype_":"string"}]},"timestamp":[{"file":{"_data_":".","_wellknowntype_":"string"},"time":{"_data_":1758560046491,"_wellknowntype_":"int64"}},{"file":{"_data_":"master.tag","_wellknowntype_":"string"},"time":{"_data_":1758256653058,"_wellknowntype_":"int64"}},{"file":{"_data_":"sch.oa","_wellknowntype_":"string"},"time":{"_data_":1758259453292,"_wellknowntype_":"int64"}}]}]},{"name":{"_data_":"cap_optimizer","_wellknowntype_":"string"},"views":[{"name":{"_data_":"schematic","_wellknowntype_":"string"},"references":{"cells":[],"externalFiles":[{"_data_":"C:\\Users\\fdreshaj\\Downloads\\EE5140_SParams_DUTOnly\\EE5140_DUTOnly\\s_DUT_1.5_0603.s2p","_wellknowntype_":"string"},{"_data_":"C:\\Users\\fdreshaj\\Downloads\\EE5140_SParams_DUTOnly\\EE5140_DUTOnly\\s_DUT_2.7_0603.s2p","_wellknowntype_":"string"},{"_data_":"C:\\Users\\fdreshaj\\Downloads\\EE5140_SParams_DUTOnly\\EE5140_DUTOnly\\s_DUT_5.6_0603.s2p","_wellknowntype_":"string"}],"libraries":[],"libraryFiles":[],"pcbVias":[],"views":[{"_data_":"ads_datacmps:SnP:symbol","_wellknowntype_":"string"},{"_data_":"ads_datacmps:VAR:symbol","_wellknowntype_":"string"},{"_data_":"ads_rflib:C:symbol","_wellknowntype_":"string"},{"_data_":"ads_rflib:GROUND:symbol","_wellknowntype_":"string"},{"_data_":"ads_rflib:L:symbol","_wellknowntype_":"string"},{"_data_":"ads_rflib:R:symbol","_wellknowntype_":"string"},{"_data_":"ads_simulation:Goal:symbol","_wellknowntype_":"string"},{"_data_":"ads_simulation:Optim:symbol","_wellknowntype_":"string"},{"_data_":"ads_simulation:S_Param:symbol","_wellknowntype_":"string"},{"_data_":"ads_simulation:TermG:symbol","_wellknowntype_":"string"}]},"timestamp":[{"file":{"_data_":".","_wellknowntype_":"string"},"time":{"_data_":1758560049367,"_wellknowntype_":"int64"}},{"file":{"_data_":"master.tag","_wellknowntype_":"string"},"time":{"_data_":1757696079714,"_wellknowntype_":"int64"}},{"file":{"_data_":"sch.oa","_wellknowntype_":"string"},"time":{"_data_":1758266138179,"_wellknowntype_":"int64"}}]}]},{"name":{"_data_":"capacitor_params","_wellknowntype_":"string"},"views":[{"name":{"_data_":"schematic","_wellknowntype_":"string"},"references":{"cells":[],"externalFiles":[{"_data_":"C:\\Users\\fdreshaj\\Downloads\\EE5140_SParams_DUTOnly\\EE5140_DUTOnly\\s_DUT_1.5_0603.s2p","_wellknowntype_":"string"},{"_data_":"C:\\Users\\fdreshaj\\Downloads\\EE5140_SParams_DUTOnly\\EE5140_DUTOnly\\s_DUT_2.7_0603.s2p","_wellknowntype_":"string"},{"_data_":"C:\\Users\\fdreshaj\\Downloads\\EE5140_SParams_DUTOnly\\EE5140_DUTOnly\\s_DUT_5.6_0603.s2p","_wellknowntype_":"string"}],"libraries":[],"libraryFiles":[],"pcbVias":[],"views":[{"_data_":"ads_datacmps:SnP:symbol","_wellknowntype_":"string"},{"_data_":"ads_rflib:GROUND:symbol","_wellknowntype_":"string"},{"_data_":"ads_simulation:MeasEqn:symbol","_wellknowntype_":"string"},{"_data_":"ads_simulation:S_Param:symbol","_wellknowntype_":"string"},{"_data_":"ads_simulation:Term:symbol","_wellknowntype_":"string"}]},"timestamp":[{"file":{"_data_":".","_wellknowntype_":"string"},"time":{"_data_":1758560048069,"_wellknowntype_":"int64"}},{"file":{"_data_":"master.tag","_wellknowntype_":"string"},"time":{"_data_":1757693545286,"_wellknowntype_":"int64"}},{"file":{"_data_":"sch.oa","_wellknowntype_":"string"},"time":{"_data_":1757696062955,"_wellknowntype_":"int64"}}]}]},{"name":{"_data_":"hw2_2","_wellknowntype_":"string"},"views":[{"name":{"_data_":"schematic","_wellknowntype_":"string"},"references":{"cells":[],"externalFiles":[],"libraries":[],"libraryFiles":[],"pcbVias":[],"views":[{"_data_":"ads_rflib:C:symbol","_wellknowntype_":"string"},{"_data_":"ads_rflib:GROUND:symbol","_wellknowntype_":"string"},{"_data_":"ads_rflib:L:symbol","_wellknowntype_":"string"},{"_data_":"ads_simulation:S_Param:symbol","_wellknowntype_":"string"},{"_data_":"ads_simulation:TermG:symbol","_wellknowntype_":"string"}]},"timestamp":[{"file":{"_data_":".","_wellknowntype_":"string"},"time":{"_data_":1758560048724,"_wellknowntype_":"int64"}},{"file":{"_data_":"master.tag","_wellknowntype_":"string"},"time":{"_data_":1758412630637,"_wellknowntype_":"int64"}},{"file":{"_data_":"sch.oa","_wellknowntype_":"string"},"time":{"_data_":1758413928834,"_wellknowntype_":"int64"}}]}]},{"name":{"_data_":"hw3_matching","_wellknowntype_":"string"},"views":[{"name":{"_data_":"schematic","_wellknowntype_":"string"},"references":{"cells":[],"externalFiles":[],"libraries":[],"libraryFiles":[],"pcbVias":[],"views":[{"_data_":"ads_rflib:C:symbol","_wellknowntype_":"string"},{"_data_":"ads_rflib:GROUND:symbol","_wellknowntype_":"string"},{"_data_":"ads_rflib:L:symbol","_wellknowntype_":"string"},{"_data_":"ads_simulation:S_Param:symbol","_wellknowntype_":"string"},{"_data_":"ads_simulation:TermG:symbol","_wellknowntype_":"string"}]},"timestamp":[{"file":{"_data_":".","_wellknowntype_":"string"},"time":{"_data_":1758560049049,"_wellknowntype_":"int64"}},{"file":{"_data_":"master.tag","_wellknowntype_":"string"},"time":{"_data_":1758494787406,"_wellknowntype_":"int64"}},{"file":{"_data_":"sch.oa","_wellknowntype_":"string"},"time":{"_data_":1758495208048,"_wellknowntype_":"int64"}}]}]},{"name":{"_data_":"hw_3_5","_wellknowntype_":"string"},"views":[{"name":{"_data_":"schematic","_wellknowntype_":"string"},"references":{"cells":[],"externalFiles":[],"libraries":[],"libraryFiles":[],"pcbVias":[],"views":[{"_data_":"ads_datacmps:S2P_Eqn:symbol","_wellknowntype_":"string"},{"_data_":"ads_rflib:GROUND:symbol","_wellknowntype_":"string"},{"_data_":"ads_simulation:L_StabCircle:symbol","_wellknowntype_":"string"},{"_data_":"ads_simulation:Mu:symbol","_wellknowntype_":"string"},{"_data_":"ads_simulation:S_Param:symbol","_wellknowntype_":"string"},{"_data_":"ads_simulation:S_StabCircle:symbol","_wellknowntype_":"string"},{"_data_":"ads_simulation:StabFact:symbol","_wellknowntype_":"string"},{"_data_":"ads_simulation:TermG:symbol","_wellknowntype_":"string"}]},"timestamp":[{"file":{"_data_":".","_wellknowntype_":"string"},"time":{"_data_":1758605581795,"_wellknowntype_":"int64"}},{"file":{"_data_":"master.tag","_wellknowntype_":"string"},"time":{"_data_":1758604050980,"_wellknowntype_":"int64"}},{"file":{"_data_":"sch.oa","_wellknowntype_":"string"},"time":{"_data_":1758604812555,"_wellknowntype_":"int64"}}]}]},{"name":{"_data_":"inductor_params","_wellknowntype_":"string"},"views":[{"name":{"_data_":"schematic","_wellknowntype_":"string"},"references":{"cells":[],"externalFiles":[{"_data_":"C:\\Users\\fdreshaj\\Downloads\\EE5140_SParams_DUTOnly\\EE5140_DUTOnly\\s_DUT_1.5_0603.s2p","_wellknowntype_":"string"},{"_data_":"C:\\Users\\fdreshaj\\Downloads\\EE5140_SParams_DUTOnly\\EE5140_DUTOnly\\s_DUT_2.7_0603.s2p","_wellknowntype_":"string"},{"_data_":"C:\\Users\\fdreshaj\\Downloads\\EE5140_SParams_DUTOnly\\EE5140_DUTOnly\\s_DUT_5.6_0603.s2p","_wellknowntype_":"string"}],"libraries":[],"libraryFiles":[],"pcbVias":[],"views":[{"_data_":"ads_datacmps:SnP:symbol","_wellknowntype_":"string"},{"_data_":"ads_rflib:GROUND:symbol","_wellknowntype_":"string"},{"_data_":"ads_simulation:MeasEqn:symbol","_wellknowntype_":"string"},{"_data_":"ads_simulation:S_Param:symbol","_wellknowntype_":"string"},{"_data_":"ads_simulation:Term:symbol","_wellknowntype_":"string"}]},"timestamp":[{"file":{"_data_":".","_wellknowntype_":"string"},"time":{"_data_":1758560047753,"_wellknowntype_":"int64"}},{"file":{"_data_":"master.tag","_wellknowntype_":"string"},"time":{"_data_":1757692794300,"_wellknowntype_":"int64"}},{"file":{"_data_":"sch.oa","_wellknowntype_":"string"},"time":{"_data_":1757693292737,"_wellknowntype_":"int64"}}]}]},{"name":{"_data_":"testing_impedances","_wellknowntype_":"string"},"views":[{"name":{"_data_":"schematic","_wellknowntype_":"string"},"references":{"cells":[],"externalFiles":[],"libraries":[],"libraryFiles":[],"pcbVias":[],"views":[]},"timestamp":[{"file":{"_data_":".","_wellknowntype_":"string"},"time":{"_data_":1758560049682,"_wellknowntype_":"int64"}},{"file":{"_data_":"master.tag","_wellknowntype_":"string"},"time":{"_data_":1758339346869,"_wellknowntype_":"int64"}},{"file":{"_data_":"sch.oa","_wellknowntype_":"string"},"time":{"_data_":1758339346977,"_wellknowntype_":"int64"}}]}]}],"name":{"_data_":"EE_514_lib","_wellknowntype_":"string"},"version":{"_data_":1.0,"_wellknowntype_":"double"}}